{
  "configs": [
    {
      "server": "",
      "server_port": 8388,
      "password": "",
      "method": "aes-256-cfb",
      "remarks": "",
      "auth": false,
      "timeout": 5
    },
    {
      "server": "216.189.150.81",
      "server_port": 13789,
      "password": "a15936798671",
      "method": "rc4-md5",
      "remarks": "",
      "auth": false,
      "timeout": 5
    },
    {
      "server": "104.128.237.125",
      "server_port": 2025,
      "password": "a15936798671",
      "method": "rc4-md5",
      "remarks": "",
      "auth": false,
      "timeout": 5
    },
    {
      "server": "104.128.237.125",
      "server_port": 2025,
      "password": "a15936798671",
      "method": "rc4-md5",
      "remarks": "",
      "auth": false,
      "timeout": 5
    },
    {
      "server": "202.5.19.138",
      "server_port": 13206,
      "password": "a15936798671",
      "method": "rc4-md5",
      "remarks": "",
      "auth": false,
      "timeout": 5
    }
  ],
  "strategy": null,
  "index": 4,
  "global": false,
  "enabled": true,
  "shareOverLan": true,
  "isDefault": false,
  "localPort": 1080,
  "pacUrl": null,
  "useOnlinePac": false,
  "availabilityStatistics": false,
  "autoCheckUpdate": true,
  "isVerboseLogging": false,
  "logViewer": {
    "fontName": "Consolas",
    "fontSize": 8.0,
    "bgColor": "black",
    "textColor": "white",
    "topMost": false,
    "wrapText": false,
    "toolbarShown": false,
    "width": 600,
    "height": 400,
    "top": 328,
    "left": 766,
    "maximized": true
  },
  "proxy": {
    "useProxy": false,
    "proxyType": 0,
    "proxyServer": "",
    "proxyPort": 0,
    "proxyTimeout": 3
  },
  "hotkey": {
    "SwitchSystemProxy": "",
    "ChangeToPac": "",
    "ChangeToGlobal": "",
    "SwitchAllowLan": "",
    "ShowLogs": "",
    "ServerMoveUp": "",
    "ServerMoveDown": ""
  }
}